light,heavy,antigen,Y
DIVMTQSPLSLPVTPGEPASISCRSSQRLVHSNGNTYLHWYLQKPGQSPRLLIYRVSNRFPGVPDRFSGSGSGTDFTLKISRVEAEDVGVYYCSQSTHVPYTFGQGTKLEIKRTVAAPSVFIFPPSDEQLKSGTASVVCLLNNFYPREAKVQWKVDNALQSGNSQESVTEQDSKDSTYSLSSTLTLSKADYEKHKVYACEVTHQGLSSPVTKSFNRG,QVQLVQSGAEVKKPGASVKVSCKASGYTFTGYVMHWVRQAPGQGLEWMGFINPYNDDIQSNERFRGRVTMTRDTSISTAYMELSRLRSDDTAVYYCARGAGYNFDGAYRFFDFWGQGTMVTVSSASTKGPSVFPLAP,GVTQTPKFQVLKTGQSMTLQCAQDMNHEYMSWYRQDPGMGLRLIHYSVGAGITDQGEVPNGYNVSRSTTEDFPLRLLSAAPSQTSVYFCASRPGL,4.889410289700751
SVLTQPASVSGSPGQSITISCTGASSD,VQLVQSGAEVKKPGSSVKVSCKASGGPFSSYGFSWVRQAPGQGLEWMGGIIPVYGTTNYAQKFQGRVTITADESTSTAYMELSSLKSEDTAVYYCARDLQDTPMVDRIIGSYYYYNGLDVWGQGTTVTVSSASTKGPSVFPLA,RNFNNLTKGLCTINSWHIYGKDNAVRIGESSDVLVTREPYVSCDPDECRFYALSQGTTIRGKHSNGTIHDRSQYRALISWPLSSPPTVYNSRVECIGWSSTSCHDGKSRMSICISGPNNNASAVVWYNRRPVAEINTWARNILRTQESECVCHNGVCPVVFTDGSATGPADTRIYYFKEGKILKWESLTGTAKHIEECSCYGERTGITCTCRDNWQGSNRPVIQIDPVAMTHTSQYICSPVLTDNPRPNDPNIGKCNDPYPGNNNNGVKGFSYLDGANTWLGRTISTASRSGYEMLKVPNALTDDRSKPIQGQTIVLNADWSGYSGSFMDYWAEGDCYRACFYVELIRGRPKEDKVWWTSNSIVSMCSSTEFLGQWNWPDGAKIEYFL,6.024108863598207
NFMLTQPHSVSESPGKTVTISCTRSSGSIASNYVQWYQQRPGSSPTTVIYEDNQRPSGVPDRFSGSIDSSSNSASLTISGLKTEDEADYYCQSYDSSNVVFGGGTKLTVLGQPKAAPSVTLFPPSSEELQANKATLVCLISDFYPGAVTVAWKADSSPVKAGVETTTPSKQSNNKYAASSYLSLTPEQWKSHRSYSCQVTHEGSTVEKTVAPT,EVQLVESGGGLVQPGGSLRLSCAASGFTFSSYAMSWVRQAPGKGLEWVSAISGSGGSTYYADSVKGRFTISRDNSKNTLYLQMNSLRAEDTAVYYCAKDRLLWFGELLFEGFDYWGQGTLVTVSSASTKGPSVFPLAPSSKSTSGGTAALGCLVKDYFPEPVTVSWNSGALTSGVHTFPAVLQSSGLYSLSSVVTVPSSSLGTQTYICNVNHKPSNTKVDKKV,DKICLGHHAVSNGTKVNTLTERGVEVVNATETVERTNIPRICSKGKRTVDLGQCGLLGTITGPPQCDQFLEFSADLIIERREGSDVCYPGKFVNEEALRQILRESGGIDKEAMGFTYSGIRTNGATSACRRSGSSFYAEMKWLLSNTDNAAFPQMTKSYKNTRKSPALIVWGIHHSVSTAEQTKLYGSGNKLVTVGSSNYQQSFVPSPGARPQVNGLSGRIDFHWLMLNPNDTVTFSFNGAFIAPDRASFLRGKSMGIQSGVQVDANCEGDCYHSGGTIISNLPFQNIDSRAVGKCPRYVKQRSLLLATGMKNVPE,6.413412695328245
SYELTQPPSVSVAPGKTARITCGGNNIGRKSVHWYQQKPGQAPVLVVYDDSDRPSGIPERFSGSNSGNTATLTISRVEAGDEADYYCQVYDLFSDYVFGTGTKVEIKRTVAAPSVFIFPPSDEQLKSGTASVVCLLNNFYPREAKVQWKVDNALQSGNSQESVTEQDSKDSTYSLSSTLTLSKADYEKHKVYACEVTHQGLSSPVTKSFNRGEC,VQLQQSGAEVKKPGSSVKVSCKASGGTFGNWSISWVRQAPGQGLEWMGGIDPSRGEATYAQKFQGRVTITTDESTSTAYMELSSLRSEDTAVYYCARETEQGGMDVWGQGTTVTVSSASTKGPSVFPLAPSSKSTSGGTAALGCLVKDYFPEPVTVSWNSGALTSGVHTFPAVLQSSGLYSLSSVVTVPSSSLGTQTYICNVNHKPSNTKVDKKVEPKS,CPFGEVFNATRFASVYAWNRKRISNCVADYSVLYNSASFSTFKCYGVSPTKLNDLCFTNVYADSFVIRGDEVRQIAPGQTGKIADYNYKLPDDFTGCVIAWNSNNLDSKVGGNYNYLYRLFRKSNLKPFERDISTEIYQAGSTPCNGVEGFNCYFPLQSYGFQPTNGVGYQPYRVVVLSFELLHAP,6.752026733638194
SYVLTQPPSVSVSPGQTASITCSGDKLGDKYACWYQQKPGQSPVLVIYQDSKRPSGIPERFSGSNSGNTATLTISGTQAMDEADYYCQAWDSSTVVFGGGTKLTVLG,QVQLLQSGGGVVQPGRSLRLSCAASGFTFSSYAMHWVRQAPGKGLEWVAVISYDGSNKYYADSVKGRFTISRDNSKNTLYLQMNSLRAEDTAVYYCARVGKGGYDFWSGSGYMDVWGKGTTVTVSSG,PNTEFALSLLRKNIMTITTSKGEFTGLGIHDRVCVIPTHAQPGDDVLVNGQKIRVKDKYKLVDPENINLELTVLTLDRNEKFRDIRGFISEDLEGVDATLVVHSNNFTNTILEVGPVTMAGLINLSSTPTNRMIRYDYATKTGQCGGVLCATGKIFGIHVGGNGRQGFSAQLKKQYFVEK,7.08460016478773
DIQMTQSPSSLSASVGDRVTITCRASQYIYDSLNWYQQKPGKAPKLLIYDSSYLQSGVPSRFSGSGSGTDFTLTISSLQPEDFATYYCQQSWDTPVTFGQGTKVEIKRTVAAPSVFIFPPSDEQLKSGTASVVCLLNNFYPREAKVQWKVDNALQSGNSQESVTEQDSKDSTYSLSSTLTLSKADYEKHKVYACEVTHQGLSSPVTKSFNRGEC,EVQLVESGGGLVQPGGSLRLSCAASGFTFSDHYMDWVRQAPGKGLEWVGRTRNKANSYTTEYAASVKGRFTISRDDSKNSLYLQMNSLKTEDTAVYYCARGISPFYFDYWGQGTLVTVSSASTKGPSVFPLAPS,NLCPFGEVFNATRFASVYAWNRKRISNCVADYSVLYNSASFSTFKCYGVSPTKLNDLCFTNVYADSFVIRGDEVRQIAPGQTGKIADYNYKLPDDFTGCVIAWNSNNLDSKVGGNYNYLYRLFRKSNLKPFERDISTEIYQAGSTPCNGVEGFNCYFPLQSYGFQPTNGVGYQPYRVVVLSFELLHAPATVC,7.214670164989233
DIQMTQSPSSLSASVGDRVTITCRASQSISSYLNWYQQKPGKAPKLLIYAASSLQSGVPSRFSGSGSGTDFTLTISSLQPEDFATYYCQQDYGLPFTFGQGTKVEIKRTVAAPSVFIFPPSDEQLKSGTASVVCLLNNFYPREAKVQWKVDNALQSGNSQESVTEQDSKDSTYSLSSTLTLSKADYEKHKVYACEVTHQGLSSPVTKSFNRGE,EVQLLESGGGLVQPGGSLRLSCAASGFTFSSYAMSWVRQAPGKGLEWVSAISGSGGSTYYADSVKGRFTISRDNSKNTLYLQMNSLRAEDTAVYYCAKSYNHPMFDYWGQGTLVTVSSASTKGPSVFPLAPS,RPWNPPTFSPALLVVTEGDNATFTCSFSNTSESFVLNWYRMSPSNQTDKLAAFPE|RPWNPPTFSPALLVVTEGDNATFTCSFSNTSESFVLNWYRMSPSNQTDKLAAFPE,7.267606240177032
DIVMTQSPKFMSTSIGDRVSVTCQASQNVGTNVAWYQQKPGQSPKPLIYSASYRYSGVPGRFTGSGSGTDFTLTINNVQSEDLADYFCQQYNSFPLTFGAGTKLELKRADAAPTVSIFPPSSEQLTSGGASVVCFLNNFYPKDINVKWKIDGSERQNGVLNSWTDQDSKDSTYSMSSTLTLTKDEYERHNSYTCEATHKTSTSPIVKSFNRNE,QLQESGGGLVQPGGSMKLSCVASGFTFSNYWMNWVRQSPEKGLEWVAQIRLKSDSYATYYADSVKGRFTVSRDDSKSNVYLQMNSLRAEDTGIYYCTDFYGFGDFFPYWGQGTLVTVSSAKTTAPSVYPLAPVCGGTTGSSVTLGCLVKGYFPEPVTLTWNSGSLSSGVHTFPALLQSGLYTLSSSVTVTSNTWPSQTITCNVAHPASSTKVDKKIESRR,NDCIFEVKHEGKVTGYACLVGDKVMKPAHVKGTIDNADLAKLAFKRSSKYDLECAQIPVHMKSDASKFTHEKPEGYYNWHHGAVQYSGGRFTIPTGAGKPGDSGRPIFDNKGRVVAIVLGGANEGARTALSVVTWNKDIVTKITPEGAEEW,7.342944147142896
ALTQPSSVSANPGETVKITCSGGSSSYYGWYQQKSPGSAPVTLIYNNQKRPSDIPSRFSGSKSGSTGTLTITGVQAEDEAVYFCGSRDNSGGIFGAGTTLTVLRTVAAPSVFIFPPSDEQLKSGTASVVCLLNNFYPREAKVQWKVDNALQSGNSQESVTEQDSKDSTYSLSSTLTLSKADYEKHKVYACEVTHQGLSSPVTKSFNR,AVTLDESGGGLQTPGGALSLVCKGSGFFSFSSYTMQWVRQAPGKGLEWVASISSGGGTNYGAAVKGRATISRDNGQSTLRLQLNNLRAEDTGTYYCAKHGVNGCDWSYSVGCVDAWGHGTEVIVSSASTKGPSVFPLAPSSK,RHVFIRTELSFIKNNVPCIRDMFFIYKRELYNICLDDLKGEEDETHIYVQKKVKDSWITLNDLFKETDLTGRPHIFAYVDVEEIIILLCEDE,7.42021640338319
DIVLTQSPASLVVSLGQRATISCRASQTVSTSSYSYMHWYQQKPGQPPKLLIYYASNLESGVPARFTGSGSGTDFTLNIHPVEEEDTATYYCQHSWDIPPTFGAGTKLELRRADAAPTVSIFPPSSEQLTSGGASVVCFLNNFYPKDINVKWKIDGSERQNGVLNSWTDQDSKDSTYSMSSTLTLTKDEYERHNSYTCEATHKTSTSPIVKSFNRN,DVQLQESGPGLVKPSQTVSLTCTVTGISITTGNYRWSWIRQFPGNKLEWMGYISYSDTITYNPSLTSRTTITRDISRNQIFLEMNSLTAEDTATYYCAREGVLHWYFAVWGAGTTVTVSSAKTTPPSVYPLAPGCGDTTGSSVTLGCLVKGYFPESVTVTWNSGSLSSSVHTFPALLQSGLYTMSSSVTVPSSTWPSQTVTCSVAHPASSTTVDKKLEP,PQAETLKHKVSNDSIRIALTDPDNPRWISAQKDIISYVDETEAATSTITKNQDAQNNWLTQQANLSPAPKGFIIAPENGSGVGTAVNTIADKGIPIVAYDRLITGSDKYDWYVSFDNEKVGELQGLSLAAGLLGKEDGAFDSIDQMNEYLKSHMPQETISFYTIAGSQDDNNSQYFYNGAMKVLKELMKNSQNKIIDLSPEGENAVYVPGWNYGTAGQRIQSFLTINKDPAGGNKIKAVGSKPASIFKGFLAPNDGMAEQAITKLKLEGFDTQKIFVTGQDYNDKAKTFIKDGDQNMTIYKPDKVLGKVAVEVLRVLIAKKNKASRSEVENELKAKLPNISFKYDNQTYKVQGKNINTILVSPVIVTKANVDNP,7.5376020021010435
DIVMSQSPSSLAVSVGEKVTMSCKSSQSLLHVSNQKNYLAWYQQKPGQSPKLLIYWASTRESGVPDRFTGSGSGTDFTLTISSVKAEDLAVYYCQQYYSYPWPFGGGTKLEIK,EVQLVESGGGLVQPKGSLKLSCAASGFIFNTYAMHWVRQAPGKGLEWVARIRSKSSNYATYYADSVKDRFTISRDDSQSMLYLQMNNLKTEDTAMYYCVREGGYYFDYWGQGTTLTVS,ILHYEKLSKIGLVKGVTRKYKIKSNPLTKDIVIKMIPNVSNMSQCTGSVMENYKTRLNGILTPIKGALEIYKNNTHDC,7.645891560852599
DIQLTQSPDSLAVSLGERATINCKSSQSVLYSSINKNYLAWYQQKPGQPPKLLIYWASTRESGVPDRFSGSGSGTDFTLTISSLQAEDVAVYYCQQYYSTPYTFGQGTKVEIKRTVAAPSVFIFPPSDEQLKSGTASVVCLLNNFYPREAKVQWKVDNALQSGNSQESVTEQDSKDSTYSLSSTLTLSKADYEKHKVYACEVTHQGLSSPVTKSFNRGEC,QMQLVQSGTEVKKPGESLKISCKGSGYGFITYWIGWVRQMPGKGLEWMGIIYPGDSETRYSPSFQGQVTISADKSINTAYLQWSSLKASDTAIYYCAGGSGISTPMDVWGQGTTVTVASTKGPSVFPLAPSSK,TNLCPFGEVFNATRFASVYAWNRKRISNCVADYSVLYNSASFSTFKCYGVSPTKLNDLCFTNVYADSFVIRGDEVRQIAPGQTGKIADYNYKLPDDFTGCVIAWNSNNLDSKVGGNYNYLYRLFRKSNLKPFERDISTEIYQAGSTPCNGVEGFNCYFPLQSYGFQPTNGVGYQPYRVVVLSFELLHAPATVCGPKK,7.721246399047171
QSVLTQPPSASGTPGQSVSISCSGTYSNIGSNPVNWYQQVPGTAPKLLIYANDQRPSGVPDRFSGSKSATSAFLAIGGLQSEDDADYYCSTWDDSLPGPLFGGGTKLTVLGQPKANPTVTLFPPSSEELQANKATLVCLISDFYPGAVTVAWKADGSPVKAGVETTKPSKQSNNKYAASSYLSLTPEQWKSHRSYSCQVTHEGSTVEKTVAPT,EVQLLESGGGLVQPGGSLRLSCAASGFTFSRFAMTWVRQAPGKGLEWVSAISGSGGSTYYADSVKGRFTISRDNSKNTLYLQMNSLRAEDTAVYYCAKVGWGAFDIWGQGTMVTVSSASTKGPSVFPLAPSSKSTSGGTAALGCLVKDYFPEPVTVSWNSGALTSGVHTFPAVLQSSGLYSLSSVVTVPSSSLGTQTYICNVNHKPSNTKVDKKVEPKS,NLCPFGEVFNATRFASVYAWNRKRISNCVADYSVLYNSASFSTFKCYGVSPTKLNDLCFTNVYADSFVIRGDEVRQIAPGQTGKIADYNYKLPDDFTGCVIAWNSNNLDSKVGGNYNYLYRLFRKSNLKPFERDISTEIYQAGSTPCNGVEGFNCYFPLQSYGFQPTNGVGYQPYRVVVLSFELLHAPATVCGPG,7.79317412396815
QIVMTQSPSTLSASVGDRVTITCRASQSIGSWLAWYQQKPGKAPKLLIYKASSLESGVPSRFSGSGSGTEFTLTISSLQPEDFATYYCQQYNNYSYTFGPGTKLEIK,EVQLVESGPRLVKPSETLSLTCTVSGGSTYNHHWSWIRQPPGRGLEWIGYISYSGKSNYNPSLKSRVTISLEPSTTQFSLKLNSLTAADTAVYYCAREYRDDTNYYYYSLDVWGPGTMVT,AHCIGITDRDFIEGVHGGTWVSATLEQDKCVTVMAPDKPSLDISLETVAIDRPAEVRKVCYNAVLTHVKINDKCPSTGEAHLAEENEGDNACKRTYSDRGWGNGCGLFGKGSIVACAKFTCAKSMSLFEVDQTKIQYVIRAQLHVGAKQENWNTDIKTLKFDALSGSQEVEFIGYGKATLECQVQTAVDFGNSYIAEMETESWIVDRQWAQDLTLPWQSGSGGVWREMHHLVEFEPPHAATIRVLALGNQEGSLKTALTGAMRVTKDT,7.8696662315049934
DIQLTQSPSSLSASVGDRVTITCRASQSISSYLNWYQQKPGKAPKLLIYAASSLQSGVPSRFSGSGSGTDFTLTISSLQPEDFATYYCQQSYSTPRTFGQGTKVEIK,VQLVESGGGVVQPGRSLRLSCAASGFTFSIYGMHWVRQAPGKGLEWVAVISYDGSNKYYADSVKGRFTISRDNSKNTLYLQMNSLRAEDTAVYYCAKEGRPSDIVVVVAFDYWGQGTLVTVSSAS,AYTNSFTRGVYYPDKVFRSSVLHSTQDLFLPFFSNVTWFHAIH,7.958607314841775
DIQLTQSPSFLSASVGDRVTITCRASQGISSYLAWYQQKPGKAPKLLIYGASTLQSGVPSRFSGSGSGTEFKLTISSLQPEDFATYYCQQLNNYPPVTFGQGTRLEIKRTVAAPSVFIFPPSDEQLKSGTASVVCLLNNFYPREAKVQWKVDNALQSGNSQESVTEQDSKDSTYSLSSTLTLSKADYEKHKVYACEVTHQGLSSPVTKSFNRGEC,EVQLVESGGGLVQPGGSLRLSCAASGFTVRSNYMSWVRQAPGKGLEWVSLIYSGGSTYYADSVKGRFIISRDNSKNTLYLQMNSLRAEDTAVYYCARDLAVYGMDVWGQGTTVTVSSASTKGPSVFPLAPSSK,NLCPFGEVFNATRFASVYAWNRKRISNCVADYSVLYNSASFSTFKCYGVSPTKLNDLCFTNVYADSFVIRGDEVRQIAPGQTGKIADYNYKLPDDFTGCVIAWNSNNLDSKVGGNYNYLYRLFRKSNLKPFERDISTEIYQAGSTPCNGVEGFNCYFPLQSYGFQPTNGVGYQPYRVVVLSFELLHAPATVCGP,8.006563769502389
NIVLTQSPASLAVSLGQRATISCRASESVDSYGYSFMHWYQQKPGQPPKVLIYLASNLESGVPARFSGSGSRTDFTLTIDPVEADDAATYYCQQNNENPLTFGAGTKLELKRADAAPTVSIFPPSSEQLTSGGASVVCFLNNFYPKDINVKWKIDGSERQNGVLNSWTDQDSKDSTYSMSSTLTLTKDEYERHNSYTCEATHKTSTSPIVKSFNR,VQLQQSGPELVKPGASVKMSCKASGCTLTNCFMHWMKQKPGQDLEWIGYINPYNDMTKYSENFKGKATLTSDKSSSTAFMELSSLTSEDSAVYYCARGYLLRTGCFDYWGQGTTLTVSSAKTTPPSVYPLAP,GTENLYFQSNADSGCVINWKGRELKCGSGIFVTNEVHTWTEQYKFQADSPKRLSAAIGKAWEEGVCGIRSATRLENIMWKQISNELNHILLENDMKFTVVVGDVSGILAQGKKMIRPQP,8.080921907623926
EIVLTQSPGTLSLSPGERATLSCRASQSVSSSYLAWYQQKPGQAPRLLIYSASSRATGIPDRFSGSGSGTDFTLTISRLEPEDFAVYFCQQYGTSPWTFGQGTKVEIK,QMQLVQSGPEVKKPGTSVKVSCKASGFTFTSSAVQWVRQARGQRLEWIGWIVVGSGNTNYAQKFQERVTITRDMSTSTAYMELSSLRSEDTAVYYCAAPNCSNVVCYDGFDIWGQGTMVTVSS,QCVNLTTRTQLPPAYTNSFTRGVYYPDKVFRSSVLHSTQDLFLPFFSNVTWFHAIHV,8.136677139879543
AIQLTQSPSSLSASVGDRVTITCRASQGISTYLAWYQQKPGKAPKLLIYGASTLQSGVPSRFSGSGSGTDFTLTISSLQPEDFAAYYCQQVNSYPPITFGPGTKVDIKRTVAAPSVFIFPPSDEQLKSGTASVVCLLNNFYPREAKVQWKVDNALQSGNSQESVTEQDSKDSTYSLSSTLTLSKADYEKHKVYACEVTHQGLSSPVTKSFNRGEC,EVQLVESGGGLIQPGGSLRLSCAASGITVSSNYMSWVRQAPGKGLEWVSVIYAGGSTFYADSVKGRFTISRDNSKNTLYLQMSSLRVEDTAVYYCARDLDYYGMDVWGRGTTVTVSSASTKGPSVFPLAPSSKSTSGGTAALGCLVKDYFPEPVTVSWNSGALTSGVHTFPAVLQSSGLYSLSSVVTVPSSSLGTQTYICNVNHKPSNTKVDKRVEPKSCDK,QCVNLTTRTQLPPAYTNSFTRGVYYPDKVFRSSVLHSTQDLFLPFFSNVTWFHAIHV,8.168130225719498
DIQMTQSPSSLSASVGDRVTITCRASQGISNWLAWYQQKPEKAPKSLIYAASSLQSGVPSRFSGSGSGTDFTLTISSLQPEDFATYYCQQYDSYPRTFGQGTKVEIKRTVAAPSVFIFPPSDEQLKSGTASVVCLLNNFYPREAKVQWKVDNALQSGNSQESVTEQDSKDSTYSLSSTLTLSKADYEKHKVYACEVTHQGLSSPVTKSFNRGE,EVQLVESGGGLVQPGGSLRLSCAASGFTFSSYWMSWVRQAPGKGLEWVAYIKQDGNEKYYVDSVKGRFTISRDNAKNSLYLQMNSLRAEDTAVYYCAREGILWFGDLPTFWGQGTLVTVSSASTKGPSVFPLAPSSKSTSGGTAALGCLVKDYFPEPVTVSWNSGALTSGVHTFPAVLQSSGLYSLSSVVTVPSSSLGTQTYICNVNHKPSNTKVDKKVEPKSC,TQEKEVRAMVGSDVELSCACPEGSRFDLNDVYVYWQTSESKTVVTYHIPQNSSLENVDSRYRNRALMSPAGMLRGDFSLRLFNVTPQDEQKFHCLVLSQSLGFQEVLSVEVTLHVAANFSVPVVSAPH,8.259637310505756
QPVLTQPPSASGTPGQRVSISCSGSRSNLGKNTVNWYQQLPGTAPKLLIYNHSRRPSGVPERFSGSKSGTSASLAISGLQSEDEADYFCAAWDDSLNGLYVFGTGTKVTVL,QVHLQESGPGLVRPSETLSLTCTVSDGSISSYYWSWIRQPPGKGLEWIGSIYYTGSTNYNPSLKSRVTMSVDTSKNQFSLRLNSVTAADTAMYYCAGLDRYSWNEGGDHWGQGILVSVSS,IRCIGVSNRDFVEGMSGGTWVDVVLEHGGCVTVMAQDKPTVDIELVTTTVSNMAEVRSYCYEASISDMASDSRCPTQGEAYLDKQSDTQYVCKRTLVDRGWGNGCGLFGKGSLVTCAKFACSKKMTGKSIQPENLEYRIMLSVHGSQHSGMIVNDTGHETDENRAKVEITPNSPRAEATLGGFGSLGLDCEPRTGLDFSDLYYLTMNNKHWLVHKEWFHDIPLPWHAGA,8.318758762624412
EIVLTQSPGTLSLSPGERATLSCRASQSVSSSYLAWYQQRPGQAPRLLIYGASSRATGIPDRFSGSGSGTDFTLTIGRLEPEDSAVYYCQQYGSSPWTFGQGTKVEIKRTVAAPSVFIFPPSDEQLKSGTASVVCLLNNFYPREAKVQWKVDNALQSGNSQESVTEQDSKDSTYSLSSTLTLSKADYEKHKVYACEVTHQGLSSPVTKSFNR,QVQLVQSGAEVKKPGSSVKVSCKASGGTFSSYGITWVRQAPGQGLEWMGRIIPILGISRSVQKFQGRITITADKSTSTAYMDLSGLTSDDTAVYYCAREGGSGYDFFDYWGQGTLVTVSSASTKGPSVFPLAPSSKSTSGGTAALGCLVKDYFPEPVTVS,YVDVGPDSVKSACIEVDIQQTFFDKTWPRPIDVSKADGIIYPQGRTYSNITITYQGLFPYQGDHGDMYVYSAGHATGTTPQKLFVANYSQDVKQFANGFVVRIGAAANSTGTVIISPSTSATIRKIYPAFMLGSSVGNFSDGKMGRFFNHTLVLLPDGCGTLLRAFYCILEPRSGNHCPAGNSYTSFATYHTPATDCSDGNYNRNASLNSFKEYFNLRNCTFMYTYNITEDEILEWFGITQTAQGVHLFSSRYVDLYGGNMFQFATLPVYDTIKYYSIIPHSIRSIQSDRKAWAAFYVYKLQPLTFLLDFSVDGYIRRAIDCGFNDLSQLHCSYESFDVESGVYSVSSFEAKPSGSVVEQAEGVECDFSPLLSGTPPQVYNFKRLVFTNCNYNLTKLLSLFSVNDFTCSQISPAAIASNCYSSLILDYFSYPLSMKSDLSVSSAGPISQFNYKQSFSNPTCLILATVPHNLTTITKPLKYSYINKCSRLLSDDRTEVPQLVNANQYSPCVSIVPSTVWEDGDYYRKQLSPLEGGGWLVASGSTVAMTEQLQMGFGITVQYGTDTNSVCPKLEFANDTKIASQLGNCVEYSLYGVSGRGVFQNCTAVGVRQQRFVYDAYQNLVGYYSDDGNYYCLRACVSVPVSVIYDKETKTHATLFGSVACEHISSTMSQYSRSTRSMLKRRDSTYGPLQTPVGCVLGLVNSSLFVEDCKLPLGQSLCALPDTP,8.337242168318426
EIVMTQSPATLSVSPGERATLSCRASQTVSSSLAWYQHKPGQAPRLLIYGASTRATGVPVRFSGSGSGTEFTLTINSMHSEDFAIYYCLQFNDWPPTFGQGTKVEIKRTVAAPSVFIFPPSDEQLKSGTASVVCLLNNFYPREAKVQWKVDNALQSGNSQESVTEQDSKDSTYSLSSTLTLSKADYEKHKVYACEVTHQGLSSPVTKSFNRGE,VQLQESGPGLVKSSETLSLTCNVFRGSIGSYYWSWIRQPAGRGLEWIGRVYSNGRANYNPSFKSRVTISVDKSKNQFSLRLTSVTAADTAVYYCAREIYYHDSTGSLYYFDYWGQGTLVTVSSASTKGPSVFPLAPS,QHQCVKKQCPENSGCFRHLDEREECKCLLNYKQEGDKCVENPNPACNENNGGCDADATCTEEDSGSSRKKITCECTKPDSYPLFDGIFCS,8.372634143407268
DIQLTQSPSFLSASVGDRVTITCRASQGISSYLAWYQQKPGKAPNLLIYAASTLQSGVPSRFSGSGSGTEFTLTISSLQPEDFATYYCQQLNSYPHTFGQGTKLEIKRTVAAPSVFIFPPSDEQLKSGTASVVCLLNNFYPREAKVQWKVDNALQSGNSQESVTEQDSKDSTYSLSSTLTLSKADYEKHKVYACEVTHQGLSSPVTKSFNRGE,QVQLQESGPGLVKPSETLSLTCTVSGGSISSYHWNWIRQPPGKGLEWIGYIYYSGNTNYNPSLKSRVSISTDTSKNQFSLKLSSVTAADTAVYYCVREMRRGYSGYDYWDLYAFDIWGQGTMVTVSSASTKGPSVFPLAP,NLCPFGEVFNATRFASVYAWNRKRISNCVADYSVLYNSASFSTFKCYGVSPTKLNDLCFTNVYADSFVIRGDEVRQIAPGQTGKIADYNYKLPDDFTGCVIAWNSNNLDSKVGGNYNYLYRLFRKSNLKPFERDISTEIYQAGSTPCNGVEGFNCYFPLQSYGFQPTNGVGYQPYRVVVLSFE,8.397940008672037
EIVLTQSPGTLSLSPGERATLSCRASQEVGESELAWYQQKPGQAPRLLIYGAFSRATGIPDRFSGSGSGTDFTLTISRLEPEDFAVYYCQQYGSSPWTFGQGTKVEIKRTVAAPSVFIFPPSDEQLKSGTASVVCLLNNFYPREAKVQWKVDNALQSGNSQESVTEQDSKDSTYSLSSTLTLSKADYEKHKVYACEVTHQGLSSPVTKSFNRGE,VQLVESGGGVVQPGRSLRLSCAASGFTFSHYTMHWVRQAPGKGLEWVTFISYDGHNKYYADSVKGRFTISRDNSKNTLYLQMNSLRAEDTAIYYCARTGWLGPFDYWGQGTLVTVSSASTKGPSVFPLAPSS,AMHVAQPAVVLASSRGIASFVCEYASPGKATEVRVTVLRQADSQVTEVCAATYMMGNELTFLDDSICTGTSSGNQVNLTIQGLRAMDTGLYICKVELMYPPPYYLGIGNGTQIYVID,8.455931955649724
SVLTQPPSVSGAPGQRVVISCTGSRSNIGAGYDVHWYQQSPGKVPRIIIYGSNSRSSGVPARFSGSKSGTSASLAITGLQAEDEADYYCQSYDTTLTASVFGGGTKV,DIRIAESGGGLVQPGESLRLACEIIELGFRRAWTTWVRQAPGKGLEWVADINEDGSEKKYGPSVTGRFTISRDNGKNLVFLQMNSLRVEDTATYYCAREAYHLVYDDRIPRGNWFDPWGPGTLVTVSS,NLWVTVYYGVPVWKDAETTLFCASDAKAYETEKHNVWATHACVPTDPNPQEIHLENVTEEFNMWKNNMVEQMHTDIISLWDQSLKPCVKLTPLCVTLQCTNVTNNITDDMRGELKNCSFNMTTELRDKKQKVYSLFYRLDVVQIN,8.494850021680094
EIVLTQSPVTLSLSPGERATLSCRASQSVSSYLAWYQQKPGQAPRLLIYDASNRATGIPARFSGSGSGTDFTLTISSLEPEDFAVYYCQQRSNWMYTFGQGTKLEIKRTVAAPSVFIFPPSDEQLKSGTASVVCLLNNFYPREAKVQWKVDNALQSGNSQESVTEQDSKDSTYSLSSTLTLSKADYEKHKVYACEVTHQGLSSPVTKSFNRG,QSQVQLVQSGAEVKKPGSSVKVSCKASGGTFSFYAISWVRQAPGQGLEWMGGFIPIFGAANYAQKFQGRVTITADESTSTAYMELSSLRSDDTAVYYCARIPSGSYYYDYDMDVWGQGTTVTVSSASTKGPSVFPLAPSSKSTSGGTAALGCLVKDYFPEPVTVSWNSGALTSGVHTFPAVLQSSGLYSLSSVVTVPSSSLGTQTYICNVNHKPSNTKVDKKVEP,HRKPSLLAHPGPLVKSEETVILQCWSDVRFQHFLLHREGKFKDTLHLIGEHHDGVSKANFSIGPMMQDLAGTYRCYGSVTHSPYQLSAPSDPLDIVIT,8.55284196865778
DIVMTQSPVSLAVSLGERATIKCKSSQSVLYSSNNKNYLGWYQQKPGQPLRLLIYWASTRESGVPDRFSGSGSGTDFTLTISSLQAEDVAVYYCHQYSTTPLTFGGGTKVEIKRTVAAPSVFIFPPSDEQLKSGTASVVCLLNNFYPREAKVQWKVDNALQSGNSQESVTEQDSKDSTYSLSSTLTLSKADYEKHKVYACEVTHQGLSSPVTKSFNRGE,LVQLVQSGAEVKKPGASVKISCKASGYTFTSYYMHWVRQAPGQGLEWMGIINPSGGGTSYAQKFQGRVTMTRDTSTSTVYMELTSLRSDDTAVYYCAKDRVTIFWGNGMDVWGQGTTVTVSSASTKGPSVFPLAPSSKSTSGGTAALGCLVKDYFPEPVTVSWNSGALTSGVHTFPAVLQSSGLYSLSSVVTVPSSSLGTQTYICNVNHKPSNTKVDKKVEPK,NLCPFGEVFNATRFASVYAWNRKRISNCVADYSVLYNSASFSTFKCYGVSPTKLNDLCFTNVYADSFVIRGDEVRQIAPGQTGKIADYNYKLPDDFTGCVIAWNSNNLDSKVGGNYNYLYRLFRKSNLKPFERDISTEIYQAGSTPCNGVEGFNCYFPLQSYGFQPTNGVGYQPYRVVVLSFELLHAPATVCGPG,8.585026652029182
DIQMTQSPSSLSASVGDRVTITCQASQDISNYLNWYQQKPGKAPKLLIYDASNLETGVPSRFSGSGSGTDFTFTISSLQPEDIATYYCQQANSFPVTFGGGTKVEIKRTVAAPSVFIFPPSDEQLKSGTASVVCLLNNFYSREAKVQWKVDNALQSGNSQESVTEQDSKDSTYSLSSTLTLSKADYEKHKVYACEVTHQGLSSPVTKSFNRGE,EVQLLESGGGLVQPGGSLRLSCAASGFTFSQYGMDWVRQAPGKGLEWVSGIGPSGGSTVYADSVKGRFTISRDNSKNTLYLQMNSLRAEDTAVYYCTRGGPYYYYGMDVWGQGTTVTVSSASTKGPSVFPLAP,IVGGTASVRGEWPWQVTLHTTSPTQRHLCGGSIIGNQWILTAAHCFYGVESPKILRVYSGILNQSEIKEDTSFFGVQEIIIHDQYKMAESGYDIALLKLETTVNYTDSQRPISLPS,8.619788758288394
DIQMTQSPSSLSASVGDRVTITCRASQSISSYLNWYQQKPGKAPKLLIYAASSLQSGVPSRFSGSGSGTDFTLTISSLQPEDFATYYCQQSYTTPLFTFGPGTKVDIKRTVAAPSVFIFPPSDEQLKSGTASVVCLLNNFYPREAKVQWKVDNALQSGNSQESVTEQDSKDSTYSLSSTLTLSKADYEKHKVYACEVTHQGLSSPVTKSFNRGE,EVQLVESGGGLIQPGGSLRLSCAASGLIVSSNYMSWVRQAPGKGLEWVSVLYAGGSTDYAGSVKGRFTISRDNSKNTLYLQMNSLRAEDTAVYYCARDAAVYGIDVWGQGTTVTVSSASTKGPSVFPLAPSS,NLCPFGEVFNATRFASVYAWNRKRISNCVADYSVLYNSASFSTFKCYGVSPTKLNDLCFTNVYADSFVIRGDEVRQIAPGQTGKIADYNYKLPDDFTGCVIAWNSNNLDSKVGGNYNYLYRLFRKSNLKPFERDISTEIYQAGSTPCNGVEGFNCYFPLQSYGFQPTYGVGYQPYRVVVLSFELLHAPATVCG,8.65169513695184
GSDIQLTQSPSSLSASVGDRVTITCRASQSVDYDGDSYMNWYQQKPGKAPKLLIYAASYLESGVPSRFSGSGSGTDFTLTISSLQPEDFATYYCQQSHEDPYTFGQGTKVEIKG,EVQLVESGGGLVQPGGSLRLSCAVSGYSITSGYSWNWIRQAPGKGLEWVASITYDGSTNYNPSVKGRITISRDDSKNTFYLQMNSLRAEDTAVYYCARGSHYFGHWHFAVWGQGTLVTVSS,VSAYLSRPSPFDLFIRKSPTITCLVVDLAPSKGTVNLTWSRASGKPVNHSTRKEEKQRNGTLTVTSTLPVGTRDWIEGETYQCRVTHPHLPRALMRSTTKTSGPRAAPEVYAFATPEWPGSRDKRTLACLIQNFMPEDISVQWLHNEVQLPDARHSTTQPRKTKGSGFFVFSRLEVTRAEWEQKDEFICRAVHEAASPSQTVQRAVSV,8.694648630553376
EIVLTQSPATLSLSPGERATLSCRTSQSLSISLVWYQQKPGQAPRLLISDASNRAPGIPARFSASGSGTDFTLTISSLEPEDFAVYYCQQRSNWPPITFGQGTRLEMKRTVAAPSVFIFPPSDEQLKSGTASVVCLLNNFYPREAKVQWKVDNALQSGNSQESVTEQDSKDSTYSLSSTLTLSKADYEKHKVYACEVTHQGLSSPVTKSFNRGEC,EVQLVESGGGLVKPGGSLRLSCAASGFAFSTYAMSWVRQAPGKGLEWVSSISESSSYTYYTDSVKGRFTISRDNAKKSLFLHMNSLRAEDTAVYYCARSDGLSMIAAPFDYWGQGARVTVSSASTKGPSVFPLAPSSKSTSGGTAALGCLVKDYFPEPVTVSWNSGALTSGVHTFPAVLQSSGLYSLSSVVTVPSSSLGTQTYICNVNHKPSNTKVDKKVEP,TESGDTAVSEDSYDKYASQNTNKEYVCDFTDQLKPTESGPKVKKCEVKVNEPLIKVKIICPLKGSVEKLYDNIEYVPKKSPYVVLTKEETKLKEKLLSKLIYGLLISPTVNEKENNFKEGVIEFTLPPVVHKATVFYFICDNSKTEDDNKKGNRGIVEVYVEPYG,8.72584215073632
DIQMTQSPSSLSASVGDRVTITCRASQSVSSAVAWYQQKPGKAPKLLIYSASSLYSGVPSRFSGSRSGTDFTLTISSLQPEDFATYYCQQGVYLFTFGQGTKVEIKRTVAAPSVFIFPPSDEQLKSGTASVVCLLNNFYPREAKVQWKVDNALQSGNSQESVTEQDSKDSTYSLSSTLTLSKADYEKHKVYACEVTHQGLSSPVTKSFNRGE,EVQLVESGGGLVQPGGSLRLSCAASGFNIHSSSIHWVRQAPGKGLEWVAATYSSFGSITYADSVKGRFTISADTSKNTAYLQMNSLRAEDTAVYYCARYHHPFGYALDYWGQGTLVTVSSASTKGPSVFPLAPSSK,PVCQEITVPMCRGIGYNLTHMPNQFNHDTQDEAGLEVHQFWPLVEIQCSPDLRFFLCSMYTPICLPDYHKPLPPCRSVCERAKAGCSPLMRQYGFAWPERMSCDRLPVLGRDAEVLCMDY,8.769551078621726
VLTQPPSASGTPGQRVTISCSGSSSNIGSNPVHWYQQLPGTAPKLLIYDDNQRPSGVPDRFSGSKSGTSASLVISGLQSDDEADYYCAAWDDSLNSVFGGGTKLTVLGQPKAAPSVTLFPPSSEELQANKATLVCLISDFYPGAVTVAWKADSSPVKAGVETTTPSKQSNNKYAASSYLSLTPEQWKSHRSYSCQVTHEGSTVEKTVAPT,IQLVQSGGGVVQPGRSLRLSCAASGFTFSSYGMHWVRQAPGKGLEWVAVISYDGSRKYYADSVKGRFTISRDNSKNTLYLQMNSLRAEDTAVYYCARDLLVRFLYWSHYYGMDVWGQGTTVTVSSASTKGPSVFPLAPSSKSTSGGTAALGCLVKDYFPEPVTVSWNSGALTSGVHTFPAVLQSSGLYSLSSVVTVPSSSLGTQTYICNVNHKPSNTKVDKKVEP,CTWRQNTKSSRIEAIKIQILSKLRLETAPNISKDVIRQLLPKAPPLRELIDQYD,8.821023052706831
IQMTQSPSTLSASVGDRVTITCRASQSISYWLAWYQQKPGKAPKLLIYQASSLESGVPSRFSGSESGTEFTLTISSLQPDDFATYYCQQYNSYPYTFGQGTKLEI,QVQLQQSGAEVKKPGESLKISCKGSGYSFTSYWIGWVRQMPGKGLEWMGIIYPGDSDTRYSPSFQGQVTISADKSISTAYMQWSSLKASDTAMYYCARSFRDDPRIAVAGPADAFDIWGQGTMVTV,AYTNSFTRGVYYPDKVFRSSVLHSTQDLFLPFFSNVTWFHAIH,8.886056647693163
DIVMTQSPSTLSASVGDRVTITCRASQSIDVWLAWYQQKPGKAPKLLMYKTSTLQTGVPSRFSGSGSGTEFTLTISSLQTDDFATYYCQKYDSYPWTFGPGTKVEIKRTAAAPSVFIFPPSDEQLKSGTASVVCLLNNFYPREAKVQWKVDNALQSGNSQESVTEQDSKDSTYSLSSTLTLSKADYEKHKVYACEVTHQGLSSPVTKSFNRGEC,EVQLVQSGRGLVRPGGSLRLSCAASGFTFSNYAMSWVRQGPGMGLEWVSTITADSDSKYYVDSVKGRFTISRDNSKDTLFLHMTSLRAEDTAVYYCAKDRLSRGVGELYDSWGQGTLVTVSSASFKGPSVFPLAPSSKSTSGGTAALGCLVKDYFPEPVTVSWNSGALTSGVHTFPAVLQSSGLYSLSSVVTVPSSSLGTQTYICNVNHKPSNTKVDKKVEPKSC,VSYSLCTAAFTFTKIPAETLHGTVTVEVQYAGTDGPCKVPAQMAVDMQTLTPVGRLITANPVITESTENSKMMLELDPPFGDSYIVIGVGEKKITHHWHRSGS,8.939302159646388
DIQMTQSPSSLSASVRDKVTFVCRASQTISIFLNWYQHKPGEAPKLLIYAASRLQSGVPSRFSGSGSGTDFTLTISGLQPEDFATYYCQQSYSAPWTFGQGTKVEIKRTVAAPSVFIFPPSDEQLKSGTASVVCLLNNFYPREAKVQWKVDNALQSGNSQESVTEQDSKDSTYSLSSTLTLSKADYEKHKVYACEVTHQGLSSPVTKSFNRGE,QVQLQESGPGLVRPSETLSLTCTVSGDSIGGSYWNWIRQPPGKGLQWIGYIYYTGITNYNPSLKSRVTMSLDTSKNQISLKMDSVTAADTALYFCARGDYSGYDRDVQVELMDVWGKGTTVTVSSASTKGPSVFPLAP,SPSRWTYPRLSCPGSTFQKALLISPHRFGETKGNSAPLIIREPFIACGPKECKHFALTHYAAQPGGYYNGTREDRNKLRHLISVKLGKIPTVENSIFHMAAWSGSACHDGREWTYIGVDGPDSNALLKIKYGEAYTDTYHSYAKNILRTQESACNCIGGDCYLMITDGPASGISECRFLKIREGRIIKEIFPTGRVKHTEECTCGFASNKTIECACRDNSYTAKRPFVKLNVETDTAEIRLMCTKTYLDTPRPNDGSITGPCESDGDEGSGGIKGGFVHQRMASKIGRWYSRTMSKTKRMGMGLYVKYDGDPWTDSEALALSGVMVSMEEPGWYSFGFEIKDKKCDVPCIGIEMVHDGGKTTWHSAATAIYCLMGSGQLLWDTVTGVNMTL,8.97061622231479
DIQMTQSPSSLSASVGDRVTITCRASQSVSSAVAWYQQKPGKAPKLLIYSASSLYSGVPSRFSGSRSGTDFTLTISSLQPEDFATYYCQQSSYLPLFTFGQGTKVEIKRTVAAPSVFIFPPSDSQLKSGTASVVCLLNNFYPREAKVQWKVDNALQSGNSQESVTEQDSKDSTYSLSSTLTLSKADYEKHKVYACEVTHQGLSSPVTKSFNRGEC,EVQLVESGGGLVQPGGSLRLSCAASGFNVSYYSIHWVRQAPGKGLEWVASISPYYGSTYYADSVKGRFTISADTSKNTAYLQMNSLRAEDTAVYYCARHPYRKGYSGLDYWGQGTLVTVSSASTKGPSVFPLAPSSKSTSGGTAALGCLVKDYFPEPVTVSWNSGALTSGVHTFPAVLQSSGLYSLSSVVTVPSSSLGTQTYICNVNHKPSNTKVDKKVEP,GTLIRVTPEQPTHAVCVLGTLTQLDICSSA|GTLIRVTPEQPTHAVCVLGTLTQLDICSSA,9.0
DIQMTQSPSTLSASVGDRVTITCRASQSISSWLAWYQQKPGKAPKLLIYKASSLESGVPSRFSGSGSGTEFTLTITSLQPDDFATYYCQQYDSFSWTFGQGTKLEIKRTVAAPSVFIFPPSDEQLKSGTASVVCLLNNFYPREAKVQWKVDNALQSGNSQESVTEQDSKDSTYSLSSTLTLSKADYEKHKVYACEVTHQGLSSPVTKSFNRGEC,EVQLVQSGAEVKKPGESLKISCKGSGYSFTSYYWIGWVRQMPGKGLEWMGIVYPDDSDTRYSPSFQGQVTISADKSISTAYLQWSSLKASDTAMYYCVRHPGGGDWYFDLWGRGTLVTVSSASTKGPSVFPLAPSSKSTSGGTAALGCLVKDYFPEPVTVSWNSGALTSGVHTFPAVLQSSGLYSLSSVVTVPSSSLGTQTYICNVNHKPSNTKVDKKVEPKSCDKT,NLCPFGEVFNATRFASVYAWNRKRISNCVADYSVLYNSASFSTFKCYGVSPTKLNDLCFTNVYADSFVIRGDEVRQIAPGQTGKIADYNYKLPDDFTGCVIAWNSNNLDSKVGGNYNYRYRLFRKSNLKPFERDISTEIYQAGSKPCNGVEGFNCYFPLQSYGFQPTNGVGYQPYRVVVLSFELLHAPATVCGPK,9.045275209020938
AIRMTQSPSSLAASVGDRVTISCRAGQSISSFLHWYQQKVGKAPKLLIYDASSLQSGVPSRFSGSGSGTDFTLTISSLQPEDFAAYYCQQSYENPLTFGGGTKVDI,EVQLLESGPGLVKPSETLSLTCTVSGGSISRYSWSWIRQPAGRGLEWIGRMYSSGGTNYNPSLESRVTMSLDTSKKQFSLKLSSVTAADTAVYYCAAASIDQVWGTYRDAFDIWGQGTMVTVSS,TNLCPFDEVFNATRFASVYAWNRKRISNCVADYSVLYNLAPFFTFKCYGVSPTKLNDLCFTNVYADSFVIRGDEVRQIAPGQTGNIADYNYKLPDDFTGCVIAWNSNKLDSKVSGNYNYLYRLFRKSNLKPFERDISTEIYQAGNKPCNGVAGFNCYFPLRSYSFRPTYGVGHQPYRVVVLSFELLHAPATVCGK,9.096910013008056
SYELTQPRSVSVSPGQTARITCGGDNIASKNVHWYQQKLAQAPVLVIYYDSDRPSGIPERFSGSNSGNTATLTISGVEAGDEADYYCQVWDSYSGHHVLFGGGTRLTVLGQPKAAPSVTLFPPSSEELQANKATLVCLISDFYPGAVEVAWKADGSAVNAGVETTKPSKQSNNKYAASSYLSLTSDQWKSHKSYSCQVTHEGSTVEKTVAP,VQLVQSGAEVKKPGASVKLSCKASGYTFTSYSINWVRQAPGQGLEWMGWVNPSNGVTVYAQKFQGRVTMTRDTSTSTAYMELSSLRFEDTAVYYCARERDQLVVYFDHWGQGALVTVSSASTKGPSVFPLAPSSRSTSESTAALGCLVKDYFPEPVTVSWNSGSLTSGVHTFPAVLQSSGLYSLSSVVTVPSSSLGTQTYVCNVNHKPSNTKVDKRVEIKT,TNLCPFGEVFNATRFASVYAWNRKRISNCVADYSVLYNSASFSTFKCYGVSPTKLNDLCFTNVYADSFVIRGDEVRQIAPGQTGKIADYNYKLPDDFTGCVIAWNSNNLDSKVGGNYNYLYRLFRKSNLKPFERDISTEIYQAGSTPCNGVEGFNCYFPLQSYGFQPTNGVGYQPYRVVVLSFELLHAPATVCGPGSH,9.161150909262744
DIQMTQSPSSLSASVGDRVTITCRASQSISNYLNWYQQKPGKAPKLLIYAASSLQSGVPSRFSGSGSGTDFTLTISSLQPEDFATYYCQQSYSPPPTFGQGTKLEI,QVQLVQSGAEVKKPGSSVKVSCKASGGTFSSYAISWVRQAPGQGLEWMGRIIPMFGIANYAQKFQGRVTITADKSTSTAYLELSSLRSEDTAVYYCARYMVTRDQYYYDMDVWGQGTTVTVS,AYTNSFTRGVYYPDKVFRSSVLHSTQDLFLPFFSNVTWFH,9.221848749616356
NIQMTQSPSAMSASVGDRVTITCRARQGISNYLAWFQQKPGKVPKHLIYAASSLLSGVPSRFSGSGSETEFTLTISSLQPEDFATYYCLQHNSYPYTFGQGTKLEI,QVQLVESGGGVVQPGRSLRLSCAASGFIFSSYGMHWVRQAPGKGLEWVAVIWFDGSNKYYADSVKGRFTISRDNSKNTLYLQMNS,TNLCPFGEVFNATRFASVYAWNRKRISNCVADYSVLYNSASFSTFKCYGVSPTKLNDLCFTNVYADSFVIRGDEVRQIAPGQTGKIADYNYKLPDDFTGCVIAWNSNNLDSKVGGNYNYLYRLFRKSNLKPFERDISTEIYQAGSTPCNGVEGFNCYFPLQSYGFQPTNGVGYQPYRVVVLSFELLHAPATVCG,9.281498311132726
EIVLTQSPATLSLSPGERATLSCSATSSVSYMHWFQQKPGQAPRLLIYSTSNLASGIPARFSGSGSGTDFTLTISSLEPEDFAVYYCQQRSSYPFTFGPGTKLDIKRTVAAPSVFIFPPSDEQLKSGTASVVCLLNNFYPREAKVQWKVDNALQSGNSQESVTEQDSKDSTYSLSSTLTLSKADYEKHKVYACEVTHQGLSSPVTKSFNRGE,EVQLVESGGGLVQPGGSLRLSCAASGFSLTIYGAHWVRQAPGKGLEWVSVIWAGGSTNYNSALMSRFTISKDNSKNTVYLQMNSLRAEDTAVYYCARDGSSPYYYSMEYWGQGTTVTVSSASTKGPSVFPLAPSS,GDRQYGDGYLLQVQELVTVQEGLSVHVPCSFSYPQDGWTDSDPVHGYWFRAGDRPYQDAPVATNNPDREVQAETQGRFQLLGDIWSNDCSLSIRDARKRDKGSYFFRLERGSMKWSYKSQLNYKTKQLSVFVTAL,9.33348201944512
DIQMTQSPSSLSASVGDRVSITCRASQSISTHLHWYQQKPGKAPKLLISAASTLQSGVPSRFSGSGSGTDFTLTITSLQPEDFATYYCQQSYSTPRGLSFGGGTKVEIKRTVAAPSVFIFPPSDEQLKSGTASVVCLLNNFYPREAKVQWKVDNALQSGNSQESVTEQDSKDSTYSLSSTLTLSKADYEKHKVYACEVTHQGLSSPVTKSFNRGEC,VQLVESGGGLVQPGGSLRLSCAASEITVSSNYMNWVRQAPGKGLEWVSVVYPGGSTFYTDSVKGRFTISRDNSKNTLYLQMNSLRAEDTAVYYCARESGGFPLAEGAFDIWGQGTMVTVSSASTKGPSVFPLAPSSKSTSGGTAALGCLVKDYFPEPVTVSWNSGALTSGVHTFPAVLQSSGLYSLSSVVTVPSSSLGTQTYICNVNHKPSNTKVDKRVEPKSC,NLCPFDEVFNATRFASVYAWNRKRISNCVADYSVLYNFAPFFAFKCYGVSPTKLNDLCFTNVYADSFVIRGNEVSQIAPGQTGNIADYNYKLPDDFTGCVIAWNSNKLDSKVGGNYNYRYRLFRKSNLKPFERDISTEIYQAGNKPCNGVAGVNCYFPLQSYGFRPTYGVGHQPYRVVVLSFELLHAPATVCGP,9.39040559077478
DIQMTQSPGTLSLSPGERATLSCRASQSITSSFLAWYQQKPGQAPRLLIYGASSRATGIPDRFSGSGSGTDFILTISRLEPEDFAVYYCQQYDTSRTFGQGTTVEIKRTVAAPSVFIFPPSDEQLKSGTASVVCLLNNFYPREAKVQWKVDNALQSGNSQESVTEQDSKDSTYSLSSTLTLSKADYEKHKVYACEVTHQGLSSPVTKSFNRG,QVQLQESGPGLVKPSETLSLRCTVSGGSISSYYWSWFRQPPGKGLEWIGYVHYSGSTNYNPSLKSRFTLSVDTSKSQFSLRLRSVTAADTAIYYCARDKYQTDVSDIWGQGTVVTVSSASTKGPSVFPLAPSS,CWVDNEEDIDVILKKSTILNLDINNDIISDISGFNSSVITYPDAQLVPGINGKAIHLVNNESSEVIVHKAMDIEYNDMFNNFTVSFWLRVPKVSASHLEQYDTNEYSIISSMKKYSLSIGSGWSVSLKGNNLIWTLKDSAGEVRQITFRDLSDKFNAYLANKWVFITITNDRLSSANLYINGVLMGSAEITGLGAIREDNNITLKLDRCNNNNQYVSIDKFRIFCKALNPKEIEKLYTSYLSITFLRDFWGNPLRYDTEYYLIPVAYSSKDVQLKNITDYMYLTNAPSYTNGKLNIYYRRLYSGLKFIIKRYTPNN,9.494850021680094
EIVLTQSPGTLSLSPGERATLSCRASQSVSSSYLAWYQQKPGQAPRLLIYGASSRATGIPDRFSGSGSGTDFTLTISRLEPEDFAVYYCQHYGSSRGWTFGQGTKVEIKRTVAAPSVFIFPPSDEQLKSGTASVVCLLNNFYPREAKVQWKVDNALQSGNSQESVTEQDSKDSTYSLSSTLTLSKADYEKHKVYACEVTHQGLSSPVTKSFNR,VQLVQSGPEVKKPGTSVKVSCKASGFTFMSSAVQWVRQARGQRLEWIGWIVIGSGNTNYAQKFQERVTITRDMSTSTAYMELSSLRSEDTAVYYCAAPYCSSISCNDGFDIWGQGTMVTVSSASTKGPSVFPLAPSS,NLCPFGEVFNATRFASVYAWNRKRISNCVADYSVLYNSASFSTFKCYGVSPTKLNDLCFTNVYADSFVIRGDEVRQIAPGQTGKIADYNYKLPDDFTGCVIAWNSNNLDSKVGGNYNYLYRLFRKSNLKPFERDISTEIYQAGSTPCNGVEGFNCYFPLQSYGFQPTNGVGYQPYRVVVLSFELLHAPATVCGP,9.596879478824182
EIVLTQSPVTLSLSPGERATLSCRASQSVSSSYLAWYQQKPGQAPRLLIYGASSRATGIPDRFSGSGSGTDFTLTISRLEPEDFAVYYCQQYGTSPTVTFGQGTRLEIKRTVAAPSVFIFPPSDEQLKSGTASVVCLLNNFYPREAKVQWKVDNALQSGNSQESVTEQDSKDSTYSLSSTLTLSKADYEKHKVYACEVTHQGLSSPVTKSFNRGE,EVQLVESGGGLVKPGGSLRLSCAASGFTFSDYYMSWIRQAPGKGPEWVSYISGGSSFTNYADSVQGRFTIYRDNAKNSMFLRMNSLRAEDTAVYYCARSPPT,NLCPFGEVFNATRFASVYAWNRKRISNCVADYSVLYNSASFSTFKCYGVSPTKLNDLCFTNVYADSFVIRGDEVRQIAPGQTGKIADYNYKLPDDFTGCVIAWNSNNLDSKVGGNYNYLYRLFRKSNLKPFERDISTEIYQAGSTPCNGVEGFNCYFPLQSYGFQPTNGVGYQPYRVVVLSFELLHAPATVC,9.619788758288394
EIVLTQSPGTLSLSPGERATLSCRASQTVSSTSLAWYQQKPGQAPRLLIYGASSRATGIPDRFSGSGSGTDFTLTISRLEPEDFAVYYCQQHDTSLTFGGGTKVEIKRTVAAPSVFIFPPSDEQLKSGTASVVCLLNNFYPREAKVQWKVDNALQSGNSQESVTEQDSKDSTYSLSSTLTLSKADYEKHKVYACEVTHQGLSSPVTKSFNRGE,QVQLVQSGAEVKKPGASVKVSCKASGYPFTSYGISWVRQAPGQGLEWMGWISTYNGNTNYAQKFQGRVTMTTDTSTTTGYMELRRLRSDDTAVYYCARDYTRGAWFGESLIGGFDNWGQGTLVTVSSASTKGPSVFPLAPSSKSTS,PNITNLCPFGEVFNATRFASVYAWNRKRISNCVADYSVLYNSASFSTFKCYGVSPTKLNDLCFTNVYADSFVIRGDEVRQIAPGQTGKIADYNYKLPDDFTGCVIAWNSNNLDSKVGGNYNYLYRLFRKSNLKPFERDISTEIYQAGSTPCNGVEGFNCYFPLQSYGFQPTNGVGYQPYRVVVLSFELLHAPATVCGPK,9.69897000433602
EIVLTQSPATLSVSPGERATFSCRASQNVKNDLAWYQQRPGQAPRLLIYAARIRETGIPERFSGSGSGTEFTLTITSLQSEDFAVYYCQQYYDWPPFTFGGGTKVEIKRTVAAPSVFIFPPSDEQLKSGTASVVCLLNNFYPREAKVQWKVDNALQSGNSQESVTEQDSKDSTYSLSSTLTLSKADYEKHKVYACEVTHQGLSSPVTKSFNRGE,DVQLLESGGGVVQPGGSLRLSCAASGFSFSNFAMTWVRQAPGEGLEWVSTIGSGDTYYADSVKGRFTISRDNSKNTLYLQMNSLRAEDTAVYYCAKDSTVSWSGDFFDYWGQGTLVTVSSASTKGPSVFPLAPSSKS,ELQVIQPDKSVLVAAGETATLRCTATSLIPVGPIQWFRGAGPGRELIYNQKEGHFPRVTTVSDLTKRNNMDFSIRIGAITPADAGTYYCVKFRKGSPDDVEFKSGAGTELSVR,9.73754891026957
ALTQPASVSANLGGTVKITCSGSRGRYGWYQQRSPGSAPVTVIYRDNQRPSNIPSRFSSSTSGSTSTLTITGVQADDESVYFCGSYDGSIDIFGAGTTLTVLRTVAAPSVFIFPPSDEQLKSGTASVVCLLNNFYPREAKVQWKVDNALQSGNSQESVTEQDSKDSTYSLSSTLTLSKADYEKHKVYACEVTHQGLSSPVTKSFNRGE,AVTLDESGGGLQTPGGALSLVCKASGFIFSDYGMNWVRQAPGKGLEFVAQITSGSRTYYGAAVKGRATISRDNRQSTVKLQLNNLRAEDTGIYFCARDFGSGVGSIDAWGNGTEVIVSSASTKGPSVFPLAPS,EEELQVIQPDKSVLVAAGETATLRCTATSLIPVGPIQWFRGAGPGRELIYNQKEGHFPRVTTVSDLTKRNNMDFSIRIGAITPADAGTYYCVKFRKGSPDDVEFKSGAGTELSVR,9.790484985457368
EIVLTQSPGTLSLSPGERATLSCRASQIVSRNHLAWYQQKPGQAPRLLIFGASSRATGIPVRFSGSGSGTDFTLTINGLAPEDFAVYYCLSSDSSIFTFGPGTKVDFKRTVAAPSVFIFPPSDEQLKSGTASVVCLLNNFYPREAKVQWKVDNALQSGNSQESVTEQDSKDSTYSLSSTLTLSKADYEKHKVYACEVTHQGLSSPVTKSFNRGEC,QVQLVQSGAEVKKPGATVKVSCKISGHTLIKLSIHWVRQAPGKGLEWMGGYEGEVDEIFYAQKFQHRLTVIADTATDTVYMELGRLTSDDTAVYFCGTLGVTVTEAGLGIDDYWGQGTLVTVSSASTKGPSVFPLAPSS,NITEEFYQSTCSAVSKGYLSALRTGWYTSVITIELSNIKENKCNGTDAKVKLIKQELDKYKNAVTELQLLM,9.920818753952377
GDIQLTQSPSSLSASVGDRVTITCRASQSISSYLNWYQQKPGKAPKLLIYAASSLQSGVPSRFSGSGSGTDFTLTISSLQPEDFATYYCQQSYSTPRTFGQGTKVEIK,QQLVESGGGVVQPGRSLRLSCAASGFTFSSYAMHWVRQAPGKGLEWVAVISYDGSNKYYADSVKGRFTISRDNSKNTLYLQMNSLRAEDTAVYYCARHATLMNNKDIWGQGTLVTVSSAS,QCVNLTTRTQLPPAYTNSFTRGVYYPDKVFRSSVLHSTQDLFLPFFSNVTWFHAIHVSGTNGTKRFDNPVLPFNDGVYFASTEKSNIIRGWIFGTTLDSKTQSLLIVNNATNVVIKVCEFQFCNDPFLGVYYHKNNKSWMESEFRVYSSANNCTFEYVSQPFLMDLEGKQGNFKNLREFVFKNIDGYFKIYSKHTPINLVRDLPQGFSALEPLVDLPIGINITRFQTLLALHRSYLTP,10.017276612331454
TVLTQPPSVSGAPGQRVTISCTGSNSNIGAGYDVHWYQQLPGTAPKLLICGNSNRPSGVPDRFSGSKSGTSASLAITGLQAEDEADYYCQSYDSSLSGPNWVFGGGTKLTVLGQPKAAPSVTLFPPSSEELQANKATLVCLISDFYPGAVTVAWKADSSPVKAGVETTTPSKQSNNKYAASSYLSLTPEQWKSHRSYSCQVTHEGSTVEKTVAPTE,VQLVQSGAEVKKPGSSVKVSCKASGGIFNTYTISWVRQAPGQGLEWMGRIILMSGMANYAQKIQGRVTITADKSTSTAYMELTSLRSDDTAVYYCARGFNGNYYGWGDDDAFDIWGQGTLVTVYSASTKGPSVFPLAPS,ITNLCPFGEVFNATRFASVYAWNRKRISNCVADYSVLYNSASFSTFKCYGVSPTKLNDLCFTNVYADSFVIRGDEVRQIAPGQTGKIADYNYKLPDDFTGCVIAWNSNNLDSKVGGNYNYLYRLFRKSNLKPFERDISTEIYQAGSTPCNGVEGFNCYFPLQSYGFQPTNGVGYQPYRVVVLSFELLHAPATVCGPK,10.096910013008056
EIVLTQSPGTLSLSPGERATLSCRASQSFDSRYLGWYQQKSGQAPRLLIYGASSRATGIPDRFSGSGSGTDFTLTISRLEPEDFAVYYCQQFGDSPFTFGQGTKLEIKRTVAAPSVFIFPPSDEQLKSGTASVVCLLNNFYPREAKVQWKVDNALQSGNSQESVTEQDSKDSTYSLSSTLTLSKADYEKHKVYACEVTHQGLSSPVTKSFNRGEC,QITLKESGPTLVKPTQTLTLTCTFSGFSLSTSGVGVAWIRQPPGKALEWLALIYWDNDKRSSPSLNNRLTITKDTSKNQVVLTMTNMDPEDTATYYCAHFFSHYDSSNYYYGSWFDPWGQGTLVTVSSASTKGPSVFPLAPSSKSTSGGTAALGCLVKDYFPEPVTVSWNSGALTSGVHTFPAVLQSSGLYSLSSVVTVPSSSLGTQTYICNVNHKPSNTKVDKRVEPKSC,QCVNLTTRTQLPPAYTNSFTRGVYYPDKVFRSSVLHSTQDLFLPFFSNVTWFHAIH,10.361510743045365
SALTQPASVSGSPGQSITISCTGTSSDVGGYNFVSWYQQHPGKAPKLMIYDVSKRPSGVSNRFSGSKSGNTASLTISGLQAEDEADCYCSSYTSSSTFVFGTGTKVTVLGQPKANPTVTLFPPSSEELQANKATLVCLISDFYPGAVTVAWKADGSPVKAGVETTKPSKQSNNKYAASSYLSLTPEQWKSHRSYSCQVTHEGSTVEKTVAP,VQLVQSGAEVKKPGASVRVSCKASGYTFTGYYMHWVRQAPGQGLEWMGWINPISDGTNYAQKFQGWVTMTRDTSISTVYMELSRLRSDDTAVYYCARGGSRCSGGNCYGWAYDAFDIWGQGTMITVSSASTKGPSVFPL,CPFGEVFNATRFASVYAWNRKRISNC,10.560667306169735
QSVLTQPPSVSGAPGQRVTISCTGSSSNIGAGYDVHWYQQLPGRAPKLLIFDNNNRPSGVPDRFSGSKSGTSASLAITGLQTEDEAYYYCQSYDNSLILAVFGGGTKVTVL,EVQLVESGGGVVQPGRSLRLSCAASGFKFSKFAMHWVRQAPGKGPEWVAVISYDGNQYHSADSVKGRFTISRDNSFNTLYLQMNSLGPEDTAVYYCARDGPDTSGYYANIYFDFWGQGTLVTVSS,AYTNSFTRGVYYPDKVFRSSVLHSTQDLFLPFFSNVTWFH,10.962573502059376
QSVLTQPPSVSAAPGQKVAISCSGSTSNIGDNFVSWYQQFPGTAPKLLLYDDARRPSGIPDRFSGSKSGTSATLGITGLQTGDEAVYFCSTWDNSLNVVLFGGGTKLTVL,EVQLVESGGGLVQPGRSLTLSCGASGFTFEDYAMHWVRQAPGKGLEWVSGIDWNSGVIGYADSVKGRFIISRDNAKNSLYLHMRSLTAEDTALYYCAKDVYSESGSGSYYDYWGQGTLVTVSS,AYTNSFTRGVYYPDKVFRSSVLHSTQDLFLPFFSNVTWFHVI,11.263603497723356
SALTQPPSTSGSPGQSVTISCTGTGIDVGGFSYVSWFQYHPGKAPKLIIFEVTKRPSGVPDRFSGSKSGNTASLTISGLQADDEAEYYCSSYAVNNNFVFGTGTKVTVLVSPRPTPLSLCSHPRSEELQANKATLVCLISDFYPGAVTVAWKADSSPVKAGVETTTPSKQSNNKYAASSYLSLTPEQWKSHRSYSCQVTHEGSTVEKTVAP,VQLVQSGAEVKKPGSSMKVSCKASG,TDNIDYFDISDESNYYLISQLRPHFSNIYFFDEFKRYASYHTEIKRYEDIHKTKVNSLLNEASRAIGICNRAKNTVKGLINILENPQKFKTQRESYDVKLRQYEEKKEAFRGCLLNKNRKNLDQIKKINNEIRDLLEKLKCSQDCQTNVYFDMIKIYLVDFKKMPYENYDTFIKQYKNSYLSGVDMIRKIEKQIDNPVTINAIKFTQKEMGYIIDRFEYHLQKVKHSIDQVTALSDGVKPKQVTKNRLKEYYFNIGNYYSIFKFGKDSLNMLNKALIHKEKIVHNLLGELFGH,11.512861624522811
SYELTQPPSVSVSPGQTASITCSGDKLGDKYSFWFQQKPGQSPVLVIYHDSKRPSGIPERFSGSNSGDTATLTISGTRAMDEADYYCQAWDSSTYVFGTGTKVTVLGQPKAAPSVTLFPPSSEELQANKATLVCLISDFYPGAVTVAWK,VQLLESGGGLVQPGGSLRLSCAASGFTFSSYAMSWVRQAPGKGLEWVSAFSGWDVSTYYADSVKGRFTISRDNSKNTLYLQMNSLRAEDTAVYYCVQDGLGPYFYNYGMDVWGQGTTVTVSSASTKGPSVFPLAP,TALKELIEELVNITQNQKAPLCNGSMVWSINLTAGVYCAALESLINVSGCSAIEKTQRMLNGFCPHKVS,13.468521082957745
